ID,Description,setSize,enrichmentScore,NES,pvalue,p.adjust,qvalues,rank,leading_edge,core_enrichment,phenotype
HALLMARK_INTERFERON_GAMMA_RESPONSE,HALLMARK INTERFERON GAMMA RESPONSE,160,-0.6577185113815854,-2.3560308224890703,1e-10,1.25e-9,7.105263157894738e-10,2547,"tags=47%, list=18%, signal=39%",CXCL11/IFIH1/USP18/PNPT1/JAK2/HLA-A/CASP3/IL7/MX2/MYD88/STAT1/CASP4/NLRC5/IFI44L/SPPL2A/PARP14/ST8SIA4/RTP4/MT2A/NOD1/IFI35/CASP8/EPSTI1/PTPN2/HERC6/PML/HIF1A/IFIT2/CASP7/PLSCR1/IRF1/PARP12/PTPN1/LGALS3BP/IFI44/RSAD2/UPP1/LAP3/SP110/EIF2AK2/NCOA3/ICAM1/DDX58/IFITM2/ZNFX1/RIPK1/PSMB10/IFITM3/IL15/OAS2/PSME1/PSMA2/MX1/NMI/IFIT3/VAMP5/FAS/PSMA3/NAMPT/IFI30/OASL/SOD2/PNP/PSMB2/ISG20/IFIT1/B2M/NFKB1/ISG15/NFKBIA/GBP4/MVP/IFI27/PSME2/TNFAIP2,good
HALLMARK_MTORC1_SIGNALING,HALLMARK MTORC1 SIGNALING,194,-0.6779422401346901,-2.5310753937753763,1e-10,1.25e-9,7.105263157894738e-10,2537,"tags=48%, list=18%, signal=40%",RDH11/CCT6A/NIBAN1/STIP1/PITPNB/LGMN/COPS5/EDEM1/EEF1E1/CACYBP/HMBS/SLC9A3R1/BHLHE40/CYP51A1/USO1/RAB1A/DDX39A/CYB5B/PDK1/MTHFD2L/PLK1/BTG2/RPN1/SDF2L1/PSMA4/HSP90B1/HSPA5/SQLE/M6PR/GPI/G6PD/AK4/FKBP2/BUB1/GLRX/ERO1A/PSMD13/STC1/PSMG1/TBK1/MAP2K3/ARPC5L/POLR3G/EGLN3/ATP6V1D/SEC11A/GMPS/PRDX1/PPIA/SSR1/HSPA4/ENO1/GBE1/HSPD1/P4HA1/ACTR3/PNO1/ELOVL5/CALR/IMMT/GAPDH/LDLR/UBE2D3/PSMC2/HSPE1/GTF2H1/ETF1/STARD4/PSMB5/CD9/EIF2S2/PSMD12/EBP/PSMC4/PSMA3/TPI1/NAMPT/IFI30/ACTR2/CCNG1/SQSTM1/PSMC6/GLA/PNP/HPRT1/AURKA/RIT1/LDHA/ELOVL6/ALDOA/SLC2A1/PSMD14/PGK1,good
HALLMARK_MYC_TARGETS_V1,HALLMARK MYC TARGETS V1,198,-0.7107579156954333,-2.6311273702380973,1e-10,1.25e-9,7.105263157894738e-10,2881,"tags=58%, list=21%, signal=46%",EIF3B/DDX21/ORC2/TXNL4A/DEK/CNBP/SRPK1/NME1/NOP56/CANX/PRDX3/RPL22/RPL14/SYNCRIP/COPS5/VBP1/RPS10/PTGES3/EIF3D/TYMS/APEX1/EIF1AX/HNRNPA2B1/PCBP1/RPS5/G3BP1/RPS2/ILF2/EEF1B2/POLE3/PWP1/KARS1/KPNA2/PRPF31/YWHAE/TCP1/EIF2S1/GOT2/SSBP1/PSMA4/RPLP0/TARDBP/EIF3J/UBA2/SRSF1/TRA2B/CUL1/AIMP2/SERBP1/YWHAQ/PCNA/RPL34/NPM1/RPS6/ERH/HNRNPC/VDAC1/DHX15/RACK1/SNRPD3/MRPL9/HDDC2/HSP90AB1/SSB/ACP1/PPM1G/UBE2L3/SNRPB2/PPIA/EIF4E/CDC20/LSM7/SLC25A3/PRPS2/HSPD1/RPL18/SRSF3/NOP16/NDUFAB1/CCT4/CCNA2/CCT7/PSMA2/SNRPD1/HSPE1/PSMD7/ETF1/PSMD1/VDAC3/PSMA1/GLO1/ABCE1/AP3S1/XRCC6/EIF4G2/EIF2S2/SRSF7/MAD2L1/PSMC4/H2AZ1/PSMD8/SNRPG/PSMC6/SNRPD2/PSMB3/PSMB2/HPRT1/LDHA/SNRPA1/PSMA6/PRDX4/PSMA7/PSMD14/PGK1,good
HALLMARK_OXIDATIVE_PHOSPHORYLATION,HALLMARK OXIDATIVE PHOSPHORYLATION,198,-0.6866047422279447,-2.5417156670617236,1e-10,1.25e-9,7.105263157894738e-10,2643,"tags=57%, list=19%, signal=47%",COX11/PRDX3/NDUFC2/MRPL35/ATP6V0B/PDHX/DLD/ATP5MC3/ACAT1/SDHC/BAX/NDUFB2/SUCLG1/ISCA1/COX7C/DLST/NDUFS4/NDUFS6/NDUFB5/NDUFB8/ATP6V1F/MRPL11/NDUFB3/ATP5MG/NDUFS1/GOT2/ATP6V1E1/COX5B/TIMM50/GPI/MRPS12/MDH2/NDUFA8/ATP5F1C/VDAC2/NDUFS8/DLAT/MRPS30/CASP7/ECHS1/MGST3/TIMM8B/ATP5ME/NDUFA9/ATP5MF/VDAC1/UQCRC2/ATP6AP1/HADHA/AFG3L2/NDUFA3/NDUFA7/CYCS/UQCR10/ATP6V1D/TIMM9/CPT1A/ATP5PB/NDUFB4/ATP5F1A/NDUFA4/NDUFB7/SLC25A3/UQCRFS1/NDUFA6/NDUFC1/ETFDH/COX7A2/TOMM22/COX4I1/HSD17B10/IMMT/TIMM17A/SLC25A5/NDUFB1/CYB5A/OXA1L/NDUFAB1/GPX4/UQCRQ/ETFA/MDH1/ABCB7/ATP5PD/PDP1/COX6C/DECR1/NDUFV2/UQCRH/PDHA1/UQCR11/GRPEL1/ATP6V0E1/FH/AIFM1/VDAC3/MRPL15/NQO2/COX6B1/NDUFA1/ACAA2/ECH1/IDH3G/HCCS/MPC1/NDUFB6/COX7B/COX7A2L/MRPL34/SDHB/ATP5F1E/LDHA/MRPS15,good
HALLMARK_PROTEIN_SECRETION,HALLMARK PROTEIN SECRETION,94,-0.6650061437089241,-2.1848541563864323,3.430320031757778e-9,2.9791955845487213e-8,1.6934374901645365e-8,2497,"tags=47%, list=18%, signal=39%",GALC/AP3B1/TSG101/ARFGAP3/ARCN1/IGF2R/BET1/SCAMP3/PAM/USO1/GOLGA4/CLTC/RER1/SEC31A/M6PR/BNIP3/TMED10/ZW10/SOD1/VPS4B/COPB1/NAPA/SEC22B/YIPF6/RAB22A/ARF1/TMED2/LMAN1/SEC24D/ADAM10/CD63/SNX2/COPE/TMX1/ARFGEF2/ARFIP1/CLTA/AP2S1/RAB9A/AP3S1/ERGIC3/KRT18/GLA/LAMP2,good
HALLMARK_INTERFERON_ALPHA_RESPONSE,HALLMARK INTERFERON ALPHA RESPONSE,88,-0.6845902979935408,-2.2597942032949985,3.5750347014584655e-9,2.9791955845487213e-8,1.6934374901645365e-8,1895,"tags=62%, list=14%, signal=54%",WARS1/SAMD9L/TRIM25/IRF2/CD47/CXCL10/TRIM21/IRF9/CMPK2/CXCL11/IFIH1/USP18/PNPT1/SAMD9/IL7/PARP9/IFI44L/PARP14/CSF1/RTP4/IFI35/CASP8/EPSTI1/ELF1/HERC6/IFIT2/PLSCR1/IRF1/PARP12/LGALS3BP/IFI44/RSAD2/LAP3/SP110/EIF2AK2/IFITM2/GMPR/IFITM3/IL15/PSME1/MX1/NMI/IFIT3/PROCR/PSMA3/IFI30/OASL/ISG20/B2M/ISG15/IFITM1/GBP2/GBP4/IFI27/PSME2,good
HALLMARK_FATTY_ACID_METABOLISM,HALLMARK FATTY ACID METABOLISM,131,-0.5860330333260901,-2.03881097342461,4.9263778498570315e-8,3.518841321326451e-7,2.0001834879118778e-7,2793,"tags=44%, list=20%, signal=35%",SERINC1/RETSAT/NBN/SMS/DLD/RDH11/SDHC/SUCLG1/NTHL1/MIX23/HSP90AA1/DLST/APEX1/ERP29/MIF/HMGCL/HSD17B11/GRHPR/MDH2/HSD17B7/G0S2/ECHS1/ACSL1/HADH/ACOT8/ACAT2/CRYZ/PTS/EPHX1/CPT1A/YWHAH/METAP1/ETFDH/HSD17B10/ELOVL5/ADSL/UROD/MDH1/PSME1/DECR1/RAP1GDS1/PDHA1/FH/ACAA2/ECH1/IDH3G/HCCS/H2AZ1/NSDHL/PRDX6/OSTC/S100A10/LGALS1/ACSL4/LDHA/ALDOA/ECI2,good
HALLMARK_PI3K_AKT_MTOR_SIGNALING,HALLMARK PI3K AKT MTOR SIGNALING,91,-0.6151977111218004,-2.0192843422472864,8.407059842131937e-7,5.254412401332461e-6,2.9867186281258203e-6,1890,"tags=26%, list=14%, signal=23%",PDK1/CLTC/HSP90B1/NOD1/ATF1/RALB/PPP1CA/TBK1/MAP2K3/MKNK1/ARF1/EIF4E/ARPC3/ACTR3/RIPK1/CALR/UBE2D3/YWHAB/ACTR2/SQSTM1/PPP2R1B/RIT1/SLC2A1/PFN1,good
HALLMARK_G2M_CHECKPOINT,HALLMARK G2M CHECKPOINT,195,-0.4688632271049053,-1.7493563935220338,2.7607250828470556e-6,1.5337361571372532e-5,8.718079208990702e-6,3274,"tags=32%, list=24%, signal=25%",KIF5B/EXO1/FBXO5/EWSR1/KIF2C/GSPT1/HNRNPD/NUP50/CUL5/SUV39H1/KIF4A/CENPE/CDK1/CUL4A/NCL/DR1/BIRC5/SYNCRIP/SLC12A2/PRMT5/KIF20B/G3BP1/TACC3/DDX39A/KPNA2/PLK1/SAP30/MT2A/SQLE/DTYMK/SRSF1/KIF23/TRA2B/CUL1/HSPA8/CCNB2/BUB1/PML/HIF1A/HMGA1/CENPA/EFNA5/DBF4/HUS1/UBE2C/KATNA1/CDC20/MAPK14/PLK4/CDKN3/PTTG1/CCNA2/SNRPD1/DKC1/CKS1B/MAD2L1/TPX2/H2AZ1/CKS2/TOP1/AURKA/AMD1,good
HALLMARK_KRAS_SIGNALING_DN,HALLMARK KRAS SIGNALING DN,122,0.7194383256305495,1.8086326592977537,3.386736295550284e-6,1.693368147775142e-5,9.625461050511334e-6,2419,"tags=42%, list=18%, signal=35%",SOX10/CLSTN3/CAMK1D/TLX1/THRB/MACROH2A2/SLC29A3/GDNF/YBX2/RYR1/MYH7/KCNN1/GPR19/ARHGDIG/RGS11/COL2A1/THNSL2/ACTC1/YPEL1/RIBC2/ALOX12B/HSD11B2/TEX15/KCND1/FGFR3/MYO15A/PDE6B/SLC30A3/GAMT/SPTBN2/C5/NR4A2/DLK2/NRIP2/PDK2/ARPP21/SKIL/STAG3/TGM1/SYNPO/CPA2/WNT16/IDUA/MAST3/TFAP2B/SNCB/CHST2/DCC/EFHD1/PRODH/CPEB3,poor
HALLMARK_REACTIVE_OXYGEN_SPECIES_PATHWAY,HALLMARK REACTIVE OXYGEN SPECIES PATHWAY,46,-0.7122986711370521,-2.130420186846296,1.1189361921639457e-5,5.086073600745208e-5,2.8910313098972763e-5,1546,"tags=48%, list=11%, signal=43%",SRXN1/PDLIM1/G6PD/PRDX2/GLRX/HMOX2/SOD1/SELENOS/NDUFB4/PRDX1/NDUFA6/GPX4/ATOX1/GCLM/MGST1/PRDX6/SOD2/NQO1/LAMTOR5/TXN/FTL/PRDX4,good
HALLMARK_E2F_TARGETS,HALLMARK E2F TARGETS,197,-0.45919015425616905,-1.702753479685667,1.5100185112104979e-5,6.291743796710408e-5,3.576359631814338e-5,3763,"tags=40%, list=27%, signal=29%",SPC25/CNOT9/CTPS1/DIAPH3/UBR7/MYBL2/MMS22L/EXOSC8/RANBP1/HMGB3/SRSF2/POLD2/SPAG5/NAA38/SMC6/GINS4/RAN/KIF2C/RPA3/GSPT1/HNRNPD/SPC24/TRIP13/PAICS/SUV39H1/KIF4A/RNASEH2A/ORC2/CENPE/DEK/CDK1/NBN/ANP32E/PPP1R8/NME1/NOP56/ASF1B/BIRC5/POLE4/SYNCRIP/BRMS1L/DEPDC1/DCK/TACC3/DDX39A/KPNA2/PLK1/EIF2S1/SRSF1/TRA2B/CCNB2/PCNA/HMGA1/DLGAP5/ZW10/SLBP/HUS1/ASF1A/CDCA8/SNRPB/E2F8/CDC20/PLK4/CDKN3/MELK/PHF5A/PTTG1/CKS1B/AK2/XRCC6/MAD2L1/H2AZ1/LYAR/CKS2/CSE1L/AURKA/CDCA3/PRDX4,good
HALLMARK_UNFOLDED_PROTEIN_RESPONSE,HALLMARK UNFOLDED PROTEIN RESPONSE,109,-0.5290343104824529,-1.8107328092100976,5.048603359694484e-5,1.941770522959417e-4,1.1037432446295635e-4,1839,"tags=34%, list=13%, signal=30%",NOP14/PREB/XBP1/DDX10/NOP56/EIF4A3/EDEM1/HERPUD1/SEC31A/EIF2S1/PARN/HSP90B1/HSPA5/WIPI1/ATF6/DNAJB9/EXOSC9/SPCS3/LSM4/ERO1A/NPM1/EXOSC10/YWHAZ/DNAJC3/SEC11A/SSR1/EIF4E/SRPRA/PDIA6/CALR/DKC1/CKS1B/PDIA5/SRPRB/POP4/BAG3/IFIT1,good
HALLMARK_TNFA_SIGNALING_VIA_NFKB,HALLMARK TNFA SIGNALING VIA NFKB,163,-0.44195781053655636,-1.5841399460916317,2.620621130477376e-4,9.359361180276343e-4,5.320057934051817e-4,2022,"tags=23%, list=15%, signal=20%",HBEGF/KLF6/NFKB2/TNIP1/CSF1/NFAT5/SERPINB8/BTG2/LAMB3/TLR2/G0S2/BIRC3/IFIT2/SAT1/MAP2K3/IRF1/B4GALT5/ICAM1/CFLAR/DDX58/PHLDA2/TANK/TRIP10/LDLR/CLCF1/PTGER4/NAMPT/GEM/SQSTM1/SOD2/B4GALT1/PLAU/CD44/NFKB1/FOSL1/PLAUR/NFKBIA/TNFAIP2,good
HALLMARK_ADIPOGENESIS,HALLMARK ADIPOGENESIS,181,-0.4269390177748944,-1.5779306633279777,3.0419710639624476e-4,0.0010012040442130131,5.69105456710555e-4,2934,"tags=38%, list=21%, signal=30%",NDUFA5/NDUFS3/PPM1B/PREB/LIFR/UBQLN1/RETSAT/SLC1A5/GHITM/PRDX3/STOM/IFNGR1/DLD/SDHC/SUCLG1/MTCH2/DRAM2/ATL2/RAB34/SAMM50/CAVIN1/PPP1R15B/TALDO1/SPARCL1/ESYT1/DNAJB9/MDH2/SLC66A3/DLAT/RIOK3/ECHS1/BCL2L13/HADH/MGST3/SOD1/G3BP2/APLP2/UQCR10/NDUFB7/GBE1/IMMT/TANK/NDUFAB1/REEP5/GPX4/UQCRQ/ANGPTL4/DECR1/ATP1B3/ARAF/UQCR11/GRPEL1/AIFM1/MRPL15/UBC/AK2/TOB1/MYLK/ACAA2/CMPK1/FAH/ECH1/IDH3G/COX7B/SDHB/ELOVL6/ALDOA/SQOR,good
HALLMARK_DNA_REPAIR,HALLMARK DNA REPAIR,146,-0.4579953366907436,-1.629417855461833,3.2038529414816423e-4,0.0010012040442130131,5.69105456710555e-4,2786,"tags=36%, list=20%, signal=29%",POLR2H/POLR2J/POLR2C/NME1/CMPK2/GTF2H5/APRT/NELFCD/POLR3C/TAF12/TSG101/POLE4/POLR1D/TYMS/ERCC1/MPG/DCTN4/TAF13/POLR1C/DGUOK/NT5C3A/NUDT9/NFX1/POLD4/POLR2D/GTF2B/STX3/ITPA/SF3A3/NELFE/PCNA/AK3/MRPL40/GTF2A2/ELOA/CLP1/TAF9/GMPR2/TMED2/RAE1/EDF1/CETN2/RBX1/GPX4/GTF2H1/ADRM1/PNP/HPRT1/POLR2I/BCAP31/DAD1/GUK1,good
HALLMARK_ANDROGEN_RESPONSE,HALLMARK ANDROGEN RESPONSE,93,-0.49509250843885194,-1.6011106847037107,0.0011797197986451282,0.0033923419933605684,0.0019282786067523234,1322,"tags=24%, list=10%, signal=22%",DNAJB9/SPCS3/SAT1/SLC38A2/HERC3/UAP1/ELOVL5/LMAN1/SEC24D/DBI/ACTN1/TMPRSS2/HOMER2/XRCC6/NDRG1/HSD17B14/ADRM1/GNAI3/B4GALT1/UBE2J1/B2M/KRT8,good
HALLMARK_INFLAMMATORY_RESPONSE,HALLMARK INFLAMMATORY RESPONSE,112,-0.462508818891182,-1.5701172322186956,0.0012212431176098046,0.0033923419933605684,0.0019282786067523234,2022,"tags=34%, list=15%, signal=29%",HBEGF/KLF6/PCDH7/ADORA2B/CSF1/RTP4/BTG2/TPBG/TIMP1/TLR1/TLR2/SGMS2/HIF1A/OSMR/AXL/IRF1/IRAK2/SELENOS/EIF2AK2/ICAM1/LDLR/TNFRSF1B/EMP3/IL15/IL1R1/RHOG/NMI/PTGER4/DCBLD2/NAMPT/ADRM1/GNAI3/NFKB1/SLC31A2/ADM/PLAUR/IFITM1/NFKBIA,good
HALLMARK_APOPTOSIS,HALLMARK APOPTOSIS,134,-0.4332964941529634,-1.5084438690039026,0.001411487953433025,0.003714441982718487,0.002111367021755772,2086,"tags=31%, list=15%, signal=27%",BID/CASP4/GSN/EMP1/PPP3R1/BTG2/BCL2L2/CASP6/TIMP1/CASP8/HSPB1/VDAC2/PMAIP1/BIRC3/CASP7/SAT1/SOD1/IRF1/DNAJA1/DNAJC3/TSPO/CFLAR/ANXA1/HMOX1/GPX4/IFITM3/ETF1/IGFBP6/BCL10/FAS/LGALS3/EBP/DAP3/CAV1/KRT18/SQSTM1/SOD2/CD44/ISG20/BCAP31/BCL2L1/LMNA,good
HALLMARK_P53_PATHWAY,HALLMARK P53 PATHWAY,177,-0.39282003719162745,-1.447901907379103,0.0025907101233940176,0.00642391427274238,0.0036514881129272483,1880,"tags=21%, list=14%, signal=19%",PTPN14/HBEGF/EI24/HSPA4L/BTG2/SLC35D1/PMM1/RPS12/FAM162A/CGRRF1/PCNA/NUDT15/SAT1/RACK1/SDC1/RCHY1/DNTTIP2/EPHX1/UPP1/OSGIN1/HMOX1/RPL18/TCN2/RPL36/SERTAD3/TOB1/PERP/NDRG1/TAX1BP3/FAS/HINT1/PROCR/STEAP3/IFI30/CCNG1/S100A10/S100A4/TPD52L1,good
HALLMARK_CHOLESTEROL_HOMEOSTASIS,HALLMARK CHOLESTEROL HOMEOSTASIS,67,-0.510633424687524,-1.5876274299776212,0.0026980439945517997,0.00642391427274238,0.0036514881129272483,2960,"tags=42%, list=21%, signal=33%",PCYT2/SC5D/IDI1/MVK/CLU/ETHE1/NIBAN1/LGMN/S100A11/GUSB/CYP51A1/SQLE/HSD17B7/FDFT1/PLSCR1/ACAT2/ANTXR2/ACSS2/LDLR/PDK3/STARD4/FDPS/CD9/ECH1/LGALS3/EBP/NSDHL/PLAUR,good
HALLMARK_IL2_STAT5_SIGNALING,HALLMARK IL2 STAT5 SIGNALING,151,-0.38590461501168616,-1.3490929706955623,0.01258520983397101,0.028602749622661388,0.016258405048670686,2781,"tags=30%, list=20%, signal=25%",XBP1/SLC1A5/ADAM19/PRNP/ITGAE/IFNGR1/CASP3/PHTF2/IGF2R/TTC39B/SERPINB6/BHLHE40/SWAP70/RABGAP1L/AHNAK/EMP1/KLF6/CKAP4/SNX14/MYO1E/CSF1/PTRH2/ECM1/PLSCR1/SPP1/ITGA6/DHRS3/DCPS/NCOA3/P4HA1/ANXA4/GPX4/CDC42SE2/TNFRSF1B/IFITM3/CAPG/TWSG1/GSTO1/NDRG1/FAH/SNX9/PNP/CD44/BCL2L1/SMPDL3A/GBP4,good
HALLMARK_MYC_TARGETS_V2,HALLMARK MYC TARGETS V2,58,-0.4292045833087771,-1.3134660791456827,0.043472620145499866,0.09450569596847797,0.05371902718208223,1936,"tags=24%, list=14%, signal=21%",IMP4/PLK1/NIP7/RABEPK/AIMP2/NPM1/IPO4/WDR43/NDUFAF4/HSPD1/PLK4/TFB2M/NOP16/HSPE1,none
HALLMARK_ALLOGRAFT_REJECTION,HALLMARK ALLOGRAFT REJECTION,103,-0.3688958177657801,-1.2542024933828249,0.052394442682953624,0.107544561560175,0.061130592886836324,2561,"tags=39%, list=19%, signal=32%",IFNGR1/JAK2/MRPL3/GCNT1/HLA-A/MAP3K7/IL7/ELF4/EIF3D/STAT1/DEGS1/MTIF2/LY75/CSF1/ST8SIA4/DARS1/EIF3J/GLMN/HDAC9/TIMP1/RPS19/TLR1/TLR2/HIF1A/NPM1/ICAM1/RPS3A/RPL39/PSMB10/IL15/CAPG/BCL10/ABCE1/RARS1/CTSS/FAS/TLR6/RPL9/B2M/GBP2,none
HALLMARK_GLYCOLYSIS,HALLMARK GLYCOLYSIS,182,-0.33096615085256625,-1.2316266190713252,0.0537722807800875,0.107544561560175,0.061130592886836324,2202,"tags=35%, list=16%, signal=29%",ME2/GUSB/DEPDC1/PAM/EXT2/MIF/PGAM1/TALDO1/ADORA2B/NDST3/GYS1/RPE/PYGB/SAP30/NANP/GOT2/HSPA5/TPBG/SLC25A13/PGM2/CASP6/POLR3K/MDH2/G6PD/AK4/GLRX/FAM162A/ERO1A/AK3/STC1/CENPA/SOD1/SPAG4/SDC1/PMM2/EGLN3/GMPPA/PYGL/PPIA/ENO1/P4HA1/PLOD1/CYB5A/ANG/ANGPTL4/MDH1/GNPDA1/PKM/PDK3/RARS1/PSMC4/NSDHL/TPI1/P4HA2/B4GALT1/CD44/ISG20/TXN/AURKA/SLC16A3/LDHA/ALDOA/PGK1,none
HALLMARK_HYPOXIA,HALLMARK HYPOXIA,177,-0.3288881542041057,-1.212254316737453,0.06323923304512173,0.11775123597386264,0.06693228150093246,2218,"tags=29%, list=16%, signal=25%",JMJD6/ZFP36/BHLHE40/PAM/MIF/CAVIN1/KLF6/ADORA2B/GYS1/PDK1/SAP30/HEXA/MT2A/HSPA5/TPBG/PGM2/CASP6/GPI/GRHPR/GCNT2/AK4/GLRX/FAM162A/ERO1A/STC1/NOCT/ENO1/GBE1/HMOX1/P4HA1/AMPD3/GAPDH/ANGPTL4/PDK3/CA12/SRPX/NDRG1/CAVIN3/HK1/ANXA2/TPI1/P4HA2/CAV1/ISG20/ADM/LDHA/CSRP2/ALDOA/SLC2A1/PLAUR/S100A4/PGK1,none
HALLMARK_APICAL_SURFACE,HALLMARK APICAL SURFACE,31,-0.5067782696099918,-1.359177844727715,0.06358566742588583,0.11775123597386264,0.06693228150093246,703,"tags=32%, list=5%, signal=31%",HSPB1/EFNA5/ADAM10/SHROOM2/SRPX/ATP8B1/DCBLD2/B4GALT1/CRYBG1/PLAUR,none
HALLMARK_COMPLEMENT,HALLMARK COMPLEMENT,144,-0.32792501024650916,-1.1640128728383077,0.09387834856256741,0.16272351629063514,0.09249547241783475,1777,"tags=23%, list=13%, signal=20%",HSPA5/CTSB/TIMP1/CTSL/USP15/RNF4/USP14/SH2B3/ADAM9/CASP7/RABIF/PLSCR1/IRF1/CALM1/LAP3/DPP4/LIPA/ANG/CSRP1/CD46/CASP10/PDP1/MSRB1/ATOX1/S100A13/RHOG/CTSS/LGALS3/L3MBTL4/GNAI3/LAMP2/PLAUR/PFN1,none
HALLMARK_MYOGENESIS,HALLMARK MYOGENESIS,148,0.4919513829796338,1.2553654876090925,0.09437963944856839,0.16272351629063514,0.09249547241783475,1897,"tags=26%, list=14%, signal=23%",SGCA/ERBB3/APOD/NCAM1/RYR1/MYH7/CACNA1H/TCAP/ACTN2/FXYD1/GNAO1/REEP1/SGCD/ACTC1/VIPR1/ACHE/PPFIA4/DMPK/TPM2/EPHB3/GAA/MYH3/SH2B1/AEBP1/SH3BGR/GPX3/MYOM2/MYOZ1/TSC2/KCNH2/MRAS/FOXO4/CAMK2B/KIFC3/LDB3/ATP2A1/BIN1/ITGA7/PICK1,none
HALLMARK_WNT_BETA_CATENIN_SIGNALING,HALLMARK WNT BETA CATENIN SIGNALING,38,0.5932213209843628,1.3112361817007,0.11428571428571428,0.19047619047619047,0.10827067669172935,3225,"tags=45%, list=23%, signal=34%",NKD1/KAT2A/JAG2/WNT6/FRAT1/DVL2/DLL1/AXIN2/PTCH1/LEF1/WNT1/TP53/HEY2/HDAC5/AXIN1/GNAI1/NCOR2,none
HALLMARK_PEROXISOME,HALLMARK PEROXISOME,89,-0.37708500603175,-1.2414689827890422,0.12549682961807618,0.19834367482170245,0.11274272042496773,1712,"tags=27%, list=12%, signal=24%",HSD17B11/SLC25A17/CDK7/IDE/ACSL1/SOD1/VPS4B/ACOT8/PEX13/DHRS3/YWHAH/PRDX1/TSPO/ELOVL5/FDPS/ESR2/BCL10/ITGB1BP1/ECH1/SOD2/ACSL4/ABCB9/ECI2/MVP,none
HALLMARK_ESTROGEN_RESPONSE_LATE,HALLMARK ESTROGEN RESPONSE LATE,155,-0.3179409315923964,-1.1267572237348498,0.12693995188588958,0.19834367482170245,0.11274272042496773,2206,"tags=24%, list=16%, signal=20%",ZFP36/SLC9A3R1/JAK1/ATP2B4/TFAP2C/TFPI2/PLAAT3/NXT1/HSPA4L/TPBG/OPN3/PKP3/PRSS23/CHPT1/FDFT1/RPS6KA2/ACOX2/IMPA2/BLVRB/CDC20/ELOVL5/PLK4/COX6C/CA12/HOMER2/DYNLT3/TOB1/CD9/PERP/CAV1/GLA/CD44/ISG20/HPRT1/MYOF/GPER1/TPD52L1,none
HALLMARK_PANCREAS_BETA_CELLS,HALLMARK PANCREAS BETA CELLS,23,0.6352770085450677,1.3152135877290665,0.1326676176890157,0.20101154195305407,0.11425919226805181,1299,"tags=30%, list=9%, signal=28%",ABCC8/SYT13/PDX1/DCX/NKX2-2/INSM1/GCK,none
HALLMARK_IL6_JAK_STAT3_SIGNALING,HALLMARK IL6 JAK STAT3 SIGNALING,57,-0.4061001305088119,-1.2421680819082543,0.1377551020408163,0.20258103241296518,0.11515132368736969,2921,"tags=42%, list=21%, signal=33%",HAX1/IL13RA1/CXCL10/IRF9/IFNGR1/CXCL11/IL7/MYD88/STAT1/BAK1/CSF1/PTPN2/PDGFC/TLR2/LEPR/OSMR/IRF1/PTPN1/HMOX1/TNFRSF1B/IL1R1/CD9/FAS/CD44,none
HALLMARK_NOTCH_SIGNALING,HALLMARK NOTCH SIGNALING,31,0.5912157303154146,1.282358626856638,0.14819759679572764,0.2117108525653252,0.1203409056687112,1594,"tags=16%, list=12%, signal=14%",DTX1/KAT2A/ARRB1/HEYL/DLL1,none
HALLMARK_SPERMATOGENESIS,HALLMARK SPERMATOGENESIS,87,0.4754153756847531,1.1592998058559756,0.24800910125142206,0.34445708507141953,0.19579665888270167,1935,"tags=20%, list=14%, signal=17%",SCG3/DDX25/YBX2/SCG5/PCSK1N/ADCYAP1/PCSK4/GRM8/TEKT2/GAD1/SNAP91/CHRM4/ACRBP/PGS1/CNIH2/BRAF/ACRV1,none
HALLMARK_ANGIOGENESIS,HALLMARK ANGIOGENESIS,23,-0.43055630393317523,-1.0950372077402546,0.3289036544850498,0.44446439795277004,0.2526429209415746,1716,"tags=26%, list=12%, signal=23%",COL5A2/TIMP1/STC1/SPP1/LRPAP1/S100A4,none
HALLMARK_HEDGEHOG_SIGNALING,HALLMARK HEDGEHOG SIGNALING,33,0.5048808479382705,1.0950371037830031,0.3512064343163539,0.4621137293636236,0.26267517248037553,1450,"tags=18%, list=10%, signal=16%",CRMP1/AMOT/TLE3/ACHE/CDK5R1/L1CAM,none
HALLMARK_KRAS_SIGNALING_UP,HALLMARK KRAS SIGNALING UP,147,0.41580583207511423,1.0597234764315568,0.38150903294367694,0.48911414479958587,0.27802277704397516,1491,"tags=12%, list=11%, signal=11%",SCG3/SPON1/APOD/TSPAN7/GADD45G/SCG5/SATB1/TRAF1/PCSK1N/MAP4K1/TSPAN13/ST6GAL1/SERPINA3/FGF9/MPZL2/SNAP91/ADAM8/CBX8,none
HALLMARK_COAGULATION,HALLMARK COAGULATION,86,-0.31031406473453604,-1.0208378327369456,0.42748091603053434,0.5233099468132977,0.2974603908201903,2090,"tags=29%, list=15%, signal=25%",PREP/GSN/TFPI2/CRIP2/CTSB/TIMP1/PRSS23/WDR1/ADAM9/RABIF/ITGA2/ACOX2/GNG12/PEF1/HTRA1/ANXA1/DPP4/ANG/PECAM1/CSRP1/S100A13/CAPN2/CD9/PLAU/LAMP2,none
HALLMARK_MITOTIC_SPINDLE,HALLMARK MITOTIC SPINDLE,190,-0.27722424059063483,-1.0357212982890358,0.4291141563869041,0.5233099468132977,0.2974603908201903,455,"tags=21%, list=3%, signal=20%",CDC42EP4/MYH9/KIF4A/CENPE/CDK1/ABI1/PKD2/PDLIM5/RALBP1/MAPRE1/EZR/ROCK1/BIRC5/KIF20B/SORBS2/GSN/YWHAE/MYO1E/PALLD/PLK1/OPHN1/KIF23/CDC42EP2/CCNB2/TLK1/BUB1/DLGAP5/KATNA1/SHROOM2/VCL/TPX2/STAU1/RAPGEF5/CDC42/UXT/ARF6/CD2AP/AURKA/ANLN,none
HALLMARK_APICAL_JUNCTION,HALLMARK APICAL JUNCTION,158,0.39198243961637846,1.003528925343693,0.48783068783068784,0.580750818846057,0.33011099176512715,2544,"tags=27%, list=18%, signal=22%",NFASC/NRXN2/CADM3/CADM2/COL16A1/AMH/COL9A1/ACTN2/SRC/ATP1A3/NLGN2/ACTC1/ADAM23/TRAF1/CLDN9/TMEM8B/NLGN3/SLC30A3/MPZL2/MAPK11/GAMT/CNTN1/KCNH2/MYH10/TAOK2/DHX16/ICAM5/CLDN15/TRO/WNK4/SYMPK/VCAM1/ITGA9/CDH8/EVL/PKD1/LIMA1/ACTA1/PPP2R2C/SDC3/NECTIN1/VWF,none
HALLMARK_HEME_METABOLISM,HALLMARK HEME METABOLISM,166,0.37234935818645165,0.9557047451955772,0.590285110876452,0.6863780359028512,0.3901517256710944,1646,"tags=13%, list=12%, signal=11%",TNS1/ADD2/SPTB/ACKR1/PIGQ/ALDH1L1/ACSL6/TAL1/RAP1GAP/BCAM/SLC30A10/AQP3/DMTN/ATP6V0A1/SLC6A9/SIDT2/KEL/RNF123/PPOX/EPB41/RHCE,none
HALLMARK_ESTROGEN_RESPONSE_EARLY,HALLMARK ESTROGEN RESPONSE EARLY,163,0.3161672279428217,0.8117100166723125,0.8298097251585623,0.9225135286434035,0.5243761110183558,1779,"tags=15%, list=13%, signal=14%",GFRA1/RET/RAPGEFL1/CBFA2T3/ADCY1/EGR3/INHBB/SYNGR1/OLFM1/REEP1/SLC7A2/SYT12/AQP3/MED24/RARA/ABAT/SLC37A1/SLC24A3/GAB2/TBC1D30/IGFBP4/MED13L/KCNK5/SLC7A5/HR,none
HALLMARK_EPITHELIAL_MESENCHYMAL_TRANSITION,HALLMARK EPITHELIAL MESENCHYMAL TRANSITION,166,0.3141134180329687,0.8062312383344757,0.839493136219641,0.9225135286434035,0.5243761110183558,1596,"tags=13%, list=12%, signal=11%",MXRA5/LAMA1/COL16A1/APLP1/SERPINE2/SFRP1/SGCD/COL5A3/TIMP3/MEST/FBN2/MATN2/TPM2/PCOLCE/FBLN1/NID2/COL7A1/COL11A1/GPC1/SLIT3/IGFBP4,none
HALLMARK_UV_RESPONSE_UP,HALLMARK UV RESPONSE UP,141,0.3134736443645937,0.7945459175836647,0.8487124463519313,0.9225135286434035,0.5243761110183558,2253,"tags=18%, list=16%, signal=15%",MAPK8IP2/RET/STARD3/DLG4/OLFM1/NPTXR/COL2A1/MAOA/PLCL1/ONECUT1/AQP3/GPX3/KCNH2/CREG1/FOSB/TYRO3/CDKN1C/CNP/LHX2/NR4A1/NTRK3/ARRB2/NKX2-5/CDO1/ENO2,none
HALLMARK_XENOBIOTIC_METABOLISM,HALLMARK XENOBIOTIC METABOLISM,141,0.27675255058987686,0.7014708037027235,0.9570815450643777,0.9956756756756757,0.5659630156472264,1620,"tags=13%, list=12%, signal=11%",MPP2/DDAH2/CYFIP2/APOE/RAP1GAP/MAOA/HGFAC/ALDH2/PYCR1/ITIH4/FBLN1/TKFC/SPINT2/GAD1/ATOH8/BCAR1/IGFBP4/VTN,none
HALLMARK_BILE_ACID_METABOLISM,HALLMARK BILE ACID METABOLISM,81,0.25833208038143585,0.624248857483839,0.9803012746234068,0.9956756756756757,0.5659630156472264,1538,"tags=9%, list=11%, signal=8%",RXRG/LIPE/ABCA2/DIO2/EPHX2/PEX6/HSD17B6,none
HALLMARK_TGF_BETA_SIGNALING,HALLMARK TGF BETA SIGNALING,50,-0.20019218592906834,-0.6033110530991359,0.9901960784313726,0.9956756756756757,0.5659630156472264,1371,"tags=24%, list=10%, signal=22%",SLC20A1/SMAD1/BMPR2/WWTR1/BMPR1A/RHOA/LTBP2/MAP3K7/PPP1CA/FKBP1A/UBE2D3/HDAC1,none
HALLMARK_UV_RESPONSE_DN,HALLMARK UV RESPONSE DN,130,0.2339134430432125,0.5898107077933648,0.9956756756756757,0.9956756756756757,0.5659630156472264,1412,"tags=6%, list=10%, signal=6%",SCN8A/PLCB4/MGMT/PTPRM/ERBB2/KALRN/ARHGEF9/COL11A1,none
